{"cameraMode":{"drawMode":0,"name":"Shaded","section":"Shading Mode"},"sceneLighting":true,"audioPlay":false,"sceneViewState":{"m_AlwaysRefresh":false,"showFog":true,"showSkybox":true,"showFlares":true,"showImageEffects":true,"showParticleSystems":true,"showVisualEffectGraphs":true,"m_FxEnabled":true},"in2DMode":false,"pivot":{"x":10.312644004821778,"y":0.07047200202941895,"z":-14.268832206726075},"rotation":{"x":-0.24552150070667268,"y":0.4615898132324219,"z":-0.13463786244392396,"w":-0.8417380452156067},"size":43.723941802978519,"orthographic":false}